﻿<?xml version="1.0" encoding="utf-8"?>
<publishData>
  <publishProfile publishUrl="D:\129700\Publish" deleteExistingFiles="True" ftpAnonymousLogin="False" ftpPassiveMode="True" msdeploySite="addEmployee" msdeploySiteID="" msdeployRemoteSitePhysicalPath="" msdeployAllowUntrustedCertificate="False" msdeploySkipExtraFilesOnServer="True" msdeployMarkAsApp="False" profileName="Profile1" publishMethod="FileSystem" replaceMatchingFiles="False" userName="" savePWD="False" userPWD="" SelectedForPublish="True">
    <file relUrl="Global.asax" publishTime="04/16/2013 14:43:14" />
    <file relUrl="bin/log4net.dll" publishTime="10/06/2011 19:44:06" />
    <file relUrl="bin/employeePortal.data.pdb" publishTime="05/20/2013 11:45:42" />
    <file relUrl="Scripts/jquery-1.9.1.js" publishTime="04/25/2013 23:32:08" />
    <file relUrl="Login/LoginSite.Master" publishTime="05/09/2013 16:12:17" />
    <file relUrl="User/userRegulationReport.aspx" publishTime="05/17/2013 16:50:40" />
    <file relUrl="Admin/addDepartment.aspx" publishTime="05/17/2013 12:01:43" />
    <file relUrl="bin/employeePortal.pdb" publishTime="05/20/2013 11:45:43" />
    <file relUrl="bin/employeePortal.business.pdb" publishTime="05/20/2013 11:45:43" />
    <file relUrl="Admin/addEmployee.aspx" publishTime="05/17/2013 16:38:52" />
    <file relUrl="User/userRegulations.aspx" publishTime="05/17/2013 17:12:39" />
    <file relUrl="bin/employeePortal.business.dll" publishTime="05/20/2013 11:45:43" />
    <file relUrl="Login/loginForm.aspx" publishTime="05/16/2013 12:48:42" />
    <file relUrl="bin/employeePortal.common.pdb" publishTime="05/17/2013 15:01:38" />
    <file relUrl="Admin/admin.Master" publishTime="05/20/2013 11:55:47" />
    <file relUrl="Scripts/jquery-ui.js" publishTime="04/10/2013 16:46:20" />
    <file relUrl="User/User.Master" publishTime="05/20/2013 11:55:41" />
    <file relUrl="Admin/adminRegulations.aspx" publishTime="05/17/2013 16:38:52" />
    <file relUrl="App_Themes/Master/master.skin" publishTime="04/25/2013 13:19:43" />
    <file relUrl="bin/Logs/Log4Net.log" publishTime="05/20/2013 11:58:03" />
    <file relUrl="bin/employeePortal.dll" publishTime="05/20/2013 11:45:43" />
    <file relUrl="Styles/employee.css" publishTime="04/25/2013 13:15:44" />
    <file relUrl="ErrorPage/customErrorPage.aspx" publishTime="05/17/2013 14:51:10" />
    <file relUrl="log4net.config" publishTime="04/25/2013 16:51:01" />
    <file relUrl="images/calendarImg.jpg" publishTime="04/08/2013 16:43:41" />
    <file relUrl="Web.config" publishTime="05/17/2013 15:12:06" />
    <file relUrl="bin/employeePortal.data.dll" publishTime="05/20/2013 11:45:42" />
    <file relUrl="Admin/searchRegulations.aspx" publishTime="05/20/2013 11:57:13" />
    <file relUrl="images/headerImg2.jpg" publishTime="04/08/2013 16:43:41" />
    <file relUrl="bin/employeePortal.common.dll" publishTime="05/17/2013 15:01:38" />
    <file relUrl="Logs/Log4Net.log" publishTime="05/20/2013 11:58:03" />
    <file relUrl="images/headerImg1.jpg" publishTime="04/08/2013 16:43:42" />
  </publishProfile>
</publishData>